ticker,total_volume,adf,adf_10%_level,below_10%,adf_p,natr_min,natr_mean,min_price,mean_price,max_price
GENI,947791009.0,-1.6414353603893228,-2.56678582924922,False,0.46151087398672447,0.050305422380529236,0.15457686818460226,6.7281,9.901425069437302,13.71
ARCC,1066825967.0,-2.4233876364462654,-2.56678582924922,False,0.13524392509281036,0.021702388756901454,0.05940132612938093,18.26,21.926507795298836,23.83
PANW,1415528401.0,-3.0441885925593897,-2.56678582924922,True,0.030968773997374004,0.03641598864918939,0.11390377055681646,144.42,187.76493913715666,210.245
ENPH,1500498338.0,-2.913534586167417,-2.56678582924922,True,0.04379659535665173,0.07624080675131929,0.21511241427101857,29.9375,56.490207281133635,113.62
BTI,1237340716.0,-0.3572939585006879,-2.56678582924922,False,0.9169886950527035,0.01708755232598629,0.04967481357875215,34.2115,43.54036247115523,59.28
MTCH,1094932389.0,-2.387081098940857,-2.56678582924922,False,0.14541592112115664,0.031199645554685386,0.10225743533513648,26.46,33.17510120442341,39.075
GM,2679369660.0,-1.981682771684255,-2.56678582924922,False,0.29466186292565755,0.030550978807142474,0.10600018539027413,41.69,51.26001003296986,61.98
KR,1504694890.0,-1.948581223214091,-2.56678582924922,False,0.30956312431003696,0.023877268323116877,0.0766845806997741,54.89,65.21956126306964,74.865
PG,1702262534.0,-2.2285617647620946,-2.56678582924922,False,0.19604294862533495,0.021745936913068958,0.06174791833312866,149.92,164.24185540543158,180.4024
AMC,2628918957.0,-1.9066286789957776,-2.56678582924922,False,0.3289492253191274,0.14001990838443437,0.3117459358085344,2.455,3.409807428350993,5.545
ADT,2984668782.0,-2.123342627565546,-2.56678582924922,False,0.2352325845886271,0.04402927463658712,0.11329206421936434,6.685,7.903406005565272,8.935
AAPL,12260269671.0,-1.4653784172987552,-2.56678582924922,False,0.5505633743566578,0.027554350573815358,0.09526505426959768,169.2408,223.65391728370534,259.9299
EL,998412125.0,-1.9734721396493018,-2.56678582924922,False,0.2983243774789889,0.0409955257852403,0.1314147950935576,48.54,76.29180788428145,98.904
SLB,3600685049.0,-1.7856239500690916,-2.56678582924922,False,0.38762199840355005,0.03643959819233353,0.11078890501272355,31.17,38.112129680886746,46.14
BIDU,1073922029.0,-0.45251392129819495,-2.56678582924922,False,0.9009547541119607,0.022221141034551434,0.10326362022067338,74.78,91.70885086127971,141.2
VLY,2046588300.0,-2.205170495218045,-2.56678582924922,False,0.2043742204245803,0.04925469813698602,0.12892202355589,7.485,9.46485274971711,11.13
COMP,1653932409.0,-1.8212181056884738,-2.56678582924922,False,0.3699795306567568,0.07061588712214023,0.18719217794087356,5.105,7.291710737835614,10.245
GEVO,1362157171.0,-2.017637174281931,-2.56678582924922,False,0.2788937551575588,0.19295106598155518,0.4988109409729451,0.9251,1.5949094899907414,3.38
DVN,2130821616.0,-2.4354754949509236,-2.56678582924922,False,0.1319729753552787,0.038358119556447995,0.11316537235844859,25.95,34.79300451141858,43.29
ASTS,2616665206.0,-1.048203853162556,-2.56678582924922,False,0.7352798080257867,0.1225636999498003,0.33369304300742697,17.5301,31.93178197197819,60.805
CSCO,4617187587.0,-1.835808374567171,-2.56678582924922,False,0.3628342602361463,0.021907491975990453,0.06825400743007055,52.19,62.06587858764531,72.21
CIFR,5110819891.0,0.36601208315686506,-2.56678582924922,False,0.9801784427746142,0.14238010725042385,0.4169318946688869,1.87,5.259992436961218,15.4235
NNE,966366538.0,-2.9279404473870083,-2.56678582924922,True,0.04219404493148193,0.11178562361894664,0.4434272295485068,13.8,28.97799243916264,48.0177
KIM,1048927173.0,-1.8299888855567616,-2.56678582924922,False,0.3656779337289332,0.024856310796060925,0.07323374988438952,17.965,22.13979433131365,25.82
ELAN,1403816595.0,0.44222408594361884,-2.56678582924922,False,0.9830071220033719,0.039851094082599486,0.12616510305743203,8.035,13.243799793004834,20.19
BKR,1718272368.0,-1.5876460518880624,-2.56678582924922,False,0.4897962948381229,0.03282003141902614,0.10088832684097011,33.785,41.66611889941365,50.915
VST,1584617732.0,-1.7087055776920628,-2.56678582924922,False,0.4266327752988698,0.05878795193284712,0.21684590524690667,91.41,158.65442516790455,219.8075
CLSK,7346424437.0,-2.2069520962561273,-2.56678582924922,False,0.20373192996050427,0.07390911257629144,0.34453138669852934,6.47,10.46657174255735,17.9154
PLTR,19727044769.0,-0.7126896544134733,-2.56678582924922,False,0.8434351941136254,0.05058837399376874,0.2261580536487352,36.085,106.46143947697769,189.224
CDE,3539422456.0,3.26506441233018,-2.56678582924922,False,1.0,0.07564610669140628,0.21776925778410952,4.59,8.073626380650138,19.1611
YMM,2223391148.0,-2.2360957704547375,-2.56678582924922,False,0.1934064944891919,0.033938111924651786,0.12715036410200953,8.2,11.439025757545517,14.0
CART,1024137137.0,-2.6527052908771136,-2.56678582924922,True,0.08258590666038779,0.038082665152568355,0.13483109584762468,34.91,44.30566391890751,53.41
IAG,3052464112.0,1.7952594641695354,-2.56678582924922,False,0.9983395684653366,0.07813302773231924,0.1947438669590333,4.44,6.766019853924493,13.13
DNUT,1019347158.0,-1.0797652651195713,-2.56678582924922,False,0.7230734639544266,0.036516067397921535,0.20439688245959586,2.5023,6.3458346769776774,12.65
SERV,1741846632.0,-2.623655554120783,-2.56678582924922,True,0.08820603691651674,0.09736991785669522,0.37808822811854953,4.6612,10.83415228405514,23.92
FTI,1068915989.0,-1.026921957090663,-2.56678582924922,False,0.7433189471250609,0.03501095323905408,0.1041111589392767,22.135,31.3324353898673,41.285
ET,3590462764.0,-2.4661266275036335,-2.56678582924922,False,0.12393508299824135,0.044882578467739735,0.09610746491795082,14.645,18.022971231498815,21.41
CVE,2874937172.0,-1.669335518910853,-2.56678582924922,False,0.4469769361574247,0.04077977748797896,0.11991873068955508,10.245,14.792143596852178,18.5983
TMUS,972452831.0,-2.6791658828714775,-2.56678582924922,True,0.0777133870562101,0.022508339566403947,0.07384191774570703,202.875,239.9761453785618,276.33
STLA,3649507494.0,-1.5264644028931762,-2.56678582924922,False,0.5203815341456686,0.04009578225163361,0.11323273316641572,8.4,11.377232365517951,14.2601
WULF,9697525786.0,-0.2508049376471305,-2.56678582924922,False,0.9321886082591944,0.18578385936675154,0.4492041454944097,2.0691,5.51625455019031,12.04
PRMB,1080410117.0,-0.9516313102318374,-2.56678582924922,False,0.7704946114624907,0.02856330127629082,0.11828920949821815,21.72,29.55837420121387,35.835
CLOV,1687233644.0,-2.3503158719689528,-2.56678582924922,False,0.15625294771828585,0.11678710038965359,0.2816874364824396,2.12,3.4248824576586774,4.86
TIGR,2043126399.0,-2.3907170923248815,-2.56678582924922,False,0.14437360052520593,0.05550036337739149,0.24297898717400926,5.38,8.375491155004628,14.3299
PATH,2632164407.0,-2.501864967222788,-2.56678582924922,False,0.11502121727863085,0.052579636254444784,0.14842444801422053,9.58,12.472883371453554,15.92
INDI,1021848106.0,-1.899714180610801,-2.56678582924922,False,0.3321955811284639,0.09892259062818,0.28981816684548234,1.5601,3.5593630263861744,5.52
BAC,9262053346.0,-1.581567019319735,-2.56678582924922,False,0.49284604489979683,0.03387213140850082,0.08534229460100835,33.0899,44.87228820262318,52.875
F,19801312060.0,-1.8822831025264313,-2.56678582924922,False,0.34044104536202413,0.08465240751826394,0.14532042840190074,8.455,10.546088272461683,12.305
SU,988678836.0,-2.1132275012919273,-2.56678582924922,False,0.2392291289848078,0.025796873243050827,0.07894799340541434,30.84,38.23424350334328,43.46
SHOP,2167905621.0,-1.5083056685924228,-2.56678582924922,False,0.5293987153231366,0.0419492407989654,0.15735645909417423,69.95,110.44195780681,158.9525
V,1509420683.0,-2.5119430430150587,-2.56678582924922,False,0.11259542998359706,0.024922026377866644,0.07243349138993577,273.34,333.2754760484107,375.405
UPS,1376265085.0,-0.9118712164690338,-2.56678582924922,False,0.7840379214511515,0.027577100510881563,0.08261728240454314,82.365,109.94502778596852,144.5701
FLNC,1121368308.0,-1.7987510275104186,-2.56678582924922,False,0.38108194985835064,0.05458003268320536,0.2637647884506397,3.465,10.617267502448309,23.9
KKR,1021971237.0,-1.7047759248942944,-2.56678582924922,False,0.428653471872072,0.034417542689233124,0.12166565201446997,86.2025,135.9028029869355,170.37
ORCL,2901599355.0,-0.6645525603294533,-2.56678582924922,False,0.8557188531672698,0.028244088068560894,0.12351833625921839,119.25,189.67120863135477,345.38
C,3451819304.0,-0.5351409195494856,-2.56678582924922,False,0.8849746514509813,0.030554891209102427,0.09346910587773072,55.62,77.74426492396873,105.575
LAC,2156349558.0,-1.6017267226080016,-2.56678582924922,False,0.4827260231151308,0.11752028185592346,0.3118086440154078,2.31,3.101166813692007,7.52
RCAT,1809694277.0,-2.486226651642903,-2.56678582924922,False,0.11886159622578302,0.09560382805112881,0.3959669914161655,2.417,7.486382274992285,15.265
SE,991677132.0,-1.12327767021443,-2.56678582924922,False,0.705700341202204,0.027731394161206048,0.1334107853313761,92.755,136.3667138308816,199.255
HAL,2990237088.0,-1.6552167637445665,-2.56678582924922,False,0.45432116793922533,0.0397654660391203,0.12050121179865761,18.7819,24.665479737094948,32.55
EVGO,1415063555.0,-1.4032163550535388,-2.56678582924922,False,0.5807331897995023,0.11863483164497964,0.300565628281356,2.21,4.21364459016562,9.07
VRT,1970783407.0,-1.5308572294839056,-2.56678582924922,False,0.5181952575310275,0.04879376591960246,0.20788498063235317,54.31,114.05325317317147,155.45
WMB,1712722496.0,-3.6168836538811364,-2.56678582924922,True,0.005446332100338458,0.027605366749097516,0.09194304402771288,45.24,57.152923497644274,64.48
GME,2465843775.0,-2.5442330624435194,-2.56678582924922,False,0.10507942028575856,0.04760311249384929,0.19839245220028764,20.328,25.575623517148436,35.7318
BX,934893643.0,-1.5789182914312325,-2.56678582924922,False,0.49417428783709705,0.032621943856602234,0.11463714296834492,115.9821,161.44633173509928,200.435
GSK,1267289504.0,-1.6958142881318758,-2.56678582924922,False,0.4332703617341965,0.02150074275531564,0.061942980967311996,31.72,37.48448802943113,43.315
AAOI,1033507063.0,-2.0609651282020764,-2.56678582924922,False,0.2604974959225502,0.09008263465589379,0.3414611718853311,9.715,23.437137304217675,44.46
KDP,3085740073.0,-0.7064101139731271,-2.56678582924922,False,0.8450821797441836,0.026084508098208854,0.07481382843073547,25.35,32.87795092547063,37.665
UNH,2475938618.0,-1.103339038014352,-2.56678582924922,False,0.7137385000773321,0.030640901570378506,0.11848435862049864,234.935,440.3858746710832,630.06
KHC,2894202809.0,-1.8621177948681085,-2.56678582924922,False,0.350086453236229,0.029674094883599803,0.08254658639364952,25.44,29.413629061341425,36.3
ZETA,1728595859.0,-2.215295112300454,-2.56678582924922,False,0.20074112022184704,0.056020461738403866,0.23327298280142464,10.695,18.6791364247814,37.92
COMM,1339494958.0,-0.0166714601538223,-2.56678582924922,False,0.9571314599508834,0.06641763360583315,0.23735587894281895,2.95,7.33038490604876,17.12
COTY,1802144992.0,-2.1024880136710826,-2.56678582924922,False,0.24351533634938638,0.053004904898939983,0.16329426913823983,3.675,5.874546396132086,9.48
HUT,1436668874.0,-1.0544303068441672,-2.56678582924922,False,0.7328984642729268,0.09684972234981225,0.30456202726373643,10.04,19.846896777111407,39.45
ETSY,1148722042.0,-1.9188506224198274,-2.56678582924922,False,0.32324580440389256,0.04477666729645389,0.14836934591542855,40.47,53.536960052268284,75.69
FCX,3529015956.0,-2.6594888072461376,-2.56678582924922,True,0.0813146158725831,0.0355187943367693,0.12102314695056114,27.95,41.1545662654768,51.405
MVIS,1352199056.0,-3.6531011559780993,-2.56678582924922,True,0.0048233322700290725,0.07148486207293457,0.5470093091440474,0.8001,1.1961010242876249,1.9499
PCG,5049732021.0,-1.2473058584958625,-2.56678582924922,False,0.6529223169347429,0.032926539296661034,0.10326596335025467,12.975,16.950937532126325,21.715
BMY,2994432669.0,-1.132860671643137,-2.56678582924922,False,0.701791181338715,0.02594780457671466,0.09194451164910691,43.16,52.41550907899393,63.155
AI,1551137231.0,-1.3736995136145205,-2.56678582924922,False,0.5948179551085068,0.05461027382726853,0.21313441271566672,14.9337,25.774476575578646,44.93
ZIM,1441209539.0,-2.1648620076638783,-2.56678582924922,False,0.21924471126454398,0.046254645445852755,0.17808353129798787,11.075,17.938808360364163,30.04
APA,1824861335.0,-1.7983294067479,-2.56678582924922,False,0.3812914116629065,0.05198419902371837,0.1416303181629329,13.61,20.966265433041865,27.465
PTON,3539346232.0,-2.540086849201798,-2.56678582924922,False,0.10602285258981659,0.09421452796478103,0.2737895328128426,4.33,7.381545192881391,10.87
SBSW,2070024639.0,1.126322645806515,-2.56678582924922,False,0.995435131428774,0.056998010416515116,0.20163486156408625,3.05,5.583126194187841,11.525
HIMS,6814620836.0,-1.958294213356038,-2.56678582924922,False,0.30515352532420903,0.08785986411491153,0.366744088585923,16.0901,39.52605002532661,72.89
WOOF,1007706247.0,-2.4113655503701588,-2.56678582924922,False,0.13855422827368485,0.10018708608970725,0.2752638879778016,2.29,3.5344264559304595,6.026
HLN,2655500605.0,-1.9847609979130696,-2.56678582924922,False,0.2932945823547404,0.03641706247184424,0.08094799739744328,8.71,9.951667611336283,11.42
CZR,1298607249.0,-1.5899043099999917,-2.56678582924922,False,0.48866292009473933,0.04787292159666617,0.1420233290979755,21.43,31.625874815687688,45.89
FISV,960347288.0,-0.45186520416853376,-2.56678582924922,False,0.9010723828132627,0.02212277015118894,0.08734073310029392,127.415,186.38833797242052,238.47
KSS,2456833244.0,-1.9554905304147063,-2.56678582924922,False,0.30642324597363313,0.06186290822977291,0.2080967161583698,6.0488,12.52177215622878,21.155
HST,2139049699.0,-1.8575164335871306,-2.56678582924922,False,0.35230287580868347,0.03919899050392379,0.09670675084229036,12.25,16.4096792243082,19.34
BE,2001804158.0,2.2721697532093588,-2.56678582924922,False,0.9989368194301862,0.07295996988954573,0.26462787528568815,9.025,26.80268088517642,86.8
D,1192143239.0,-2.272822956475407,-2.56678582924922,False,0.18088295172880092,0.0253794609340633,0.07340189952157769,48.09,56.61508407773891,62.425
EXK,2580600798.0,0.17281122307800864,-2.56678582924922,False,0.970694760529605,0.0967375633285094,0.25438765019686704,2.96,4.581755675023145,8.19
S,1339247829.0,-1.3858122770443482,-2.56678582924922,False,0.5890586752593853,0.049769321582090284,0.14028235064935662,15.701,20.86140405016973,29.155
AAL,12846534466.0,-1.405332228111075,-2.56678582924922,False,0.5797171284092466,0.06613436495356816,0.1752817298720404,8.505,13.09684762306347,19.0615
NCLH,3238983629.0,-1.7184247542584015,-2.56678582924922,False,0.4216453621591356,0.047046256020559576,0.15206712318921894,14.245,22.890073365147614,29.26
BBWI,1255860929.0,-1.8767550979130292,-2.56678582924922,False,0.34307400291771656,0.04422918807346601,0.14304511313658025,24.9346,31.882149748997012,41.83
OXY,2792916667.0,-2.175143490933733,-2.56678582924922,False,0.21539028797721466,0.03539517349120154,0.10053016973435339,34.82,46.592652555056056,56.425
BORR,1240634754.0,-2.592766401026788,-2.56678582924922,True,0.09450154060889931,0.06630368989186237,0.2749042156880618,1.555,2.9243908003291836,5.705
CMCSA,5227828978.0,-1.4027676253422945,-2.56678582924922,False,0.5809485672576833,0.032430247538282504,0.08258709211893761,31.035,36.44484332286802,45.205
VALE,8214475927.0,-2.7633141374762005,-2.56678582924922,True,0.0637081691926383,0.05606586721390758,0.11909836188360398,8.065,9.825028431725134,12.035
DOW,2450993941.0,-1.7636847315919724,-2.56678582924922,False,0.3986343532203707,0.02606004989311398,0.11275386012693561,20.4172,34.75868695414052,55.595
TGT,1642277559.0,-1.4968170252242416,-2.56678582924922,False,0.535085319266526,0.03300198139641637,0.10438581694738479,86.33,115.69613827232797,161.39
BEN,1028800314.0,-1.5336837779713666,-2.56678582924922,False,0.5167875627003369,0.02837113869829804,0.08610588054285531,16.34,21.64343440693344,26.065
MSTR,4139684649.0,-2.982633296219415,-2.56678582924922,True,0.036548369482350435,0.09613021206912128,0.31366194301808076,157.2418,338.8040979986524,535.23
TSCO,1285114832.0,-2.3601147317174362,-2.56678582924922,False,0.15331151675238364,0.0301134829496532,0.09133799074234446,46.925,55.37328524431643,62.8769
UBER,5147244143.0,-1.0549579074920472,-2.56678582924922,False,0.7326960733486537,0.04026295058179814,0.12972573050870498,59.735,79.92371256583685,101.985
MGM,1189969491.0,-2.38716014019057,-2.56678582924922,False,0.1453932064345132,0.03649324050691025,0.11107911466863017,25.34,35.008013819277856,42.53
HL,4744641616.0,1.8874487690405324,-2.56678582924922,False,0.9985075563759388,0.10052973779608321,0.22570015512911612,4.475,6.290493017415905,12.24
MBLY,1358361909.0,-2.786736020112001,-2.56678582924922,True,0.0601935542825805,0.0504176151885189,0.21526877004696626,11.1697,15.557230733463633,22.4674
LCID,2502446200.0,-3.0780862324624203,-2.56678582924922,True,0.02821798559350932,0.10383684009431003,0.476984955294077,15.28,24.850187039399238,36.0
ARRY,1632051295.0,-2.4665162301111763,-2.56678582924922,False,0.1238352638013831,0.0912174188958309,0.27184609746591715,3.789,6.62583502993519,9.9572
JNJ,1935297162.0,-0.3701740096172552,-2.56678582924922,False,0.9149608112390859,0.021743567328028714,0.06352051321129278,141.2875,159.19298281906185,185.975
DKNG,2359468603.0,-2.2527401009407244,-2.56678582924922,False,0.18766328871346422,0.04886155047625209,0.15277180850721647,29.66,40.22602633494496,53.5851
SNOW,1323793123.0,-1.5907123112984893,-2.56678582924922,False,0.488257345032174,0.04266114965255837,0.14536848840935182,108.87,176.57190071033844,249.9422
SHEL,1076614091.0,-2.210717422672953,-2.56678582924922,False,0.20237867148943867,0.018860504760384224,0.05416835630755807,58.575,68.01366232555293,74.19
NVDA,53094994765.0,-0.7600257090085322,-2.56678582924922,False,0.8305832150677439,0.03893482818633676,0.1570644167426858,86.92,141.4245798672256,187.2138
IOT,1095678688.0,-1.6060128993335685,-2.56678582924922,False,0.48057235931868236,0.04290062902594951,0.14699701081681193,31.49,43.47383157903507,61.675
UMC,2601942504.0,-2.416361741406835,-2.56678582924922,False,0.13717157883296166,0.03655562028176623,0.11787861520028474,5.615,7.016565866330624,8.455
MRNA,2411343017.0,-3.088582095357721,-2.56678582924922,True,0.02740978488105259,0.06629911205026867,0.226213853470879,23.22,34.47061330943318,66.93
DASH,967436684.0,-0.7692599218319354,-2.56678582924922,False,0.8279854140214503,0.03400792836569387,0.11927986040286123,140.54,200.86548941562597,275.705
FE,1014764402.0,-1.9481299700926595,-2.56678582924922,False,0.309768725187865,0.019261686744727786,0.058413611702388055,37.61,41.4099650255015,46.115
ON,2092015332.0,-1.7282782194835826,-2.56678582924922,False,0.4166047206830868,0.050147771988473124,0.1559912540669128,31.06,53.94971183932722,76.035
GILD,1738903922.0,-2.0220147754215256,-2.56678582924922,False,0.277004579951823,0.02141229201130216,0.08543543523696912,82.82,103.35847705882112,121.82
WOLF,7491513152.0,0.7447912222655622,-2.56678582924922,False,0.990690649025469,0.14378325216498225,0.6191964591729936,0.3904,5.172810655560128,34.1054
TEVA,2526151584.0,-1.6639567433574007,-2.56678582924922,False,0.4497721276702918,0.04006051824665612,0.1195954443059764,12.485,17.432904260580187,22.8
XP,1605098156.0,-1.179500680120033,-2.56678582924922,False,0.6823512611820006,0.04161460505570367,0.11339821389773265,10.825,16.217682204834894,20.64
PDD,2246002341.0,-2.427921855110982,-2.56678582924922,False,0.1340102369779027,0.030846074582944857,0.12302058014492244,87.4703,113.66841060076123,155.0
NVO,2385489508.0,-1.5811521780225812,-2.56678582924922,False,0.4930540971484633,0.02131918665627183,0.09892264192352403,45.1035,79.32792248855056,120.55
APLD,7371252596.0,0.4553153009634516,-2.56678582924922,False,0.9834497596778049,0.14902148245147864,0.40695366581424297,3.3687,9.618463465713404,25.54
SRE,994453595.0,-1.7421003172413396,-2.56678582924922,False,0.409561979263519,0.024334063354190735,0.08182107080552226,62.0695,80.17897373062443,95.7425
PFE,10208037733.0,-2.2993631129602954,-2.56678582924922,False,0.17217346253824523,0.04006865656681733,0.09255008330596541,20.97,25.33007142481226,30.42
HON,970460412.0,-2.4580725013993634,-2.56678582924922,False,0.12601177438013988,0.02044740310390867,0.06991961109874552,179.81,218.1383467908446,241.68
XOM,3421078736.0,-2.5791495429678983,-2.56678582924922,True,0.09738365852987518,0.030146453410569627,0.07911882244620427,97.89,111.49217140482462,126.279
RITM,1093362387.0,-2.11069832898396,-2.56678582924922,False,0.24023456699108553,0.03070416039392068,0.082210539357559,9.1601,11.38509759171896,12.7303
ABCL,1073586030.0,-0.8031024786557842,-2.56678582924922,False,0.818209038808476,0.11081864365932362,0.29030982323496796,1.8936,3.142697376257586,5.78
PAAS,1063245447.0,-0.06536343014820119,-2.56678582924922,False,0.9527810430772345,0.03792779430394664,0.12509401589944355,19.8017,26.10888755537496,39.355
INTC,21445035658.0,-1.1691448098594326,-2.56678582924922,False,0.6867260544422961,0.0671974010576234,0.1794648403391045,17.675,22.359817714010905,36.255
MQ,1564880850.0,-1.6913451846898921,-2.56678582924922,False,0.4355771244275708,0.05360586949356806,0.17245767133125872,3.385,4.762541208723382,6.985
OSCR,2713092039.0,-3.4731044602465264,-2.56678582924922,True,0.00870529964963956,0.07847295637307149,0.254265125340434,11.2,15.593069714082915,22.7623
DAL,2335564516.0,-1.6545914404098276,-2.56678582924922,False,0.45464696605915655,0.043463822483925114,0.13590165310136534,34.82,55.312150591667525,69.63
FSM,3376381525.0,-0.12829170288790978,-2.56678582924922,False,0.9465466377904971,0.07955136492926261,0.21296570140560928,4.13,5.817630795442855,9.1199
TPR,1097418337.0,-0.8142117824170353,-2.56678582924922,False,0.8149117778017485,0.03041470974526711,0.11316136639986844,43.13,77.6378552072832,117.0
NOV,1006681798.0,-2.0994289060808478,-2.56678582924922,False,0.24474430324064322,0.0378265252584063,0.11413751348331286,10.85,14.03311505497377,16.845
IBN,1103549248.0,-1.5639136282545165,-2.56678582924922,False,0.501691088565911,0.010884842337323408,0.03934388664883857,27.46,31.261378242979113,34.54
JCI,996881535.0,-0.7616475460486009,-2.56678582924922,False,0.8301291099954501,0.021660917964481576,0.08148628356719251,68.135,90.43959254407982,112.63
VFC,1951823722.0,-1.2121421599756188,-2.56678582924922,False,0.6683507726541325,0.05215549881252641,0.1698975719769979,9.46,17.049250732434935,28.92
WU,1678879319.0,-1.183294180290939,-2.56678582924922,False,0.6807405349109628,0.04112279708450804,0.10395695161184144,7.85,9.88454670939204,12.014
WY,928763753.0,-1.8839625957564343,-2.56678582924922,False,0.33964281248794703,0.026169019486465935,0.07854999328895555,23.975,28.17913925702088,33.875
QXO,1238897852.0,-1.3016622345156785,-2.56678582924922,False,0.6284114966502103,0.04872903478860452,0.1720393338601863,11.8601,16.65884137423105,24.6119
LVS,1334020628.0,-1.0866951418903301,-2.56678582924922,False,0.7203484599432783,0.028429192468276764,0.09622191548963248,30.19,46.99232626331652,58.05
GOOGL,7823141287.0,-0.051784384438864434,-2.56678582924922,False,0.9540342214402205,0.031143029438273122,0.10135459491083101,140.9,182.51525585849194,255.97
IOVA,2715565353.0,-1.245876815471094,-2.56678582924922,False,0.653556091543867,0.07309291476588388,0.3583739217978588,1.64,4.826133257185474,12.485
APH,1907187350.0,0.4914090060676144,-2.56678582924922,False,0.9846096276310323,0.026561743100347254,0.09793857732974838,57.14,82.61540995411994,126.04
NEM,2712306712.0,1.3203610740772067,-2.56678582924922,False,0.9967205408692306,0.028432789830194247,0.10042622579630321,36.87,53.298185326396464,86.94
NFLX,8936595900.0,-1.5893670536995967,-2.56678582924922,False,0.48893257913931887,0.032970070278587615,0.10709983598470185,68.64,103.13863820594588,134.09
FLEX,971333528.0,-0.46515608925746144,-2.56678582924922,False,0.8986385790622189,0.029868886230571094,0.11218929976228967,25.1275,42.14301448365394,59.76
JPM,2160419659.0,-1.1476657369924337,-2.56678582924922,False,0.6956941336940805,0.029413078598114168,0.0835684351315257,202.87,260.1235820555807,317.7151
SHLS,1432884769.0,-1.419651859755981,-2.56678582924922,False,0.5728193558156662,0.09254813549657703,0.26906660597915855,2.72,4.947158728505298,8.19
MU,5230018155.0,0.19287110798146603,-2.56678582924922,False,0.9718589097146076,0.04703271949672551,0.1582163081889403,61.7506,104.94343745408909,170.3301
BTBT,5292877781.0,-2.2564927262810874,-2.56678582924922,False,0.18638391631915413,0.20992231832486052,0.4525712724473313,1.6968,3.025549337691596,5.7294
ABT,1433429574.0,-2.0211031803923944,-2.56678582924922,False,0.27739742581310023,0.025153817628780096,0.0728699343061839,110.87,126.41350383989301,140.82
DDOG,1257769117.0,-1.5713114599560503,-2.56678582924922,False,0.4979867119265819,0.03821319037540596,0.12553936387281373,82.01,127.94547203950212,169.98
GIS,1251254734.0,-2.1016140696006165,-2.56678582924922,False,0.24386607152252215,0.023381624333835505,0.07427152204306496,48.2953,58.14015544024277,74.8467
MUFG,1044470755.0,-1.2463119257245108,-2.56678582924922,False,0.6533631815356634,0.024661388987816106,0.06926796085666471,9.86,12.970410343051125,16.23
NIO,13671633604.0,-1.1198994141296157,-2.56678582924922,False,0.7070713648986374,0.1635431030329994,0.2948563720209495,3.0202,4.6644018285464455,7.7764
DXCM,978262310.0,-2.1276963535478854,-2.56678582924922,False,0.23352455650909376,0.038216838431803186,0.12016766230901481,57.57,78.21359688399342,93.135
BCS,3598338956.0,-0.8128847666051051,-2.56678582924922,False,0.815307934845597,0.030149319055736513,0.08780256640076543,11.48,16.077605454819462,21.2111
XPEV,2472503570.0,-1.5305997962641993,-2.56678582924922,False,0.5183234297285492,0.042824119224157714,0.16098224564454716,10.08,17.484482394619896,27.07
NVAX,1481190067.0,-3.06743783173197,-2.56678582924922,True,0.029058676915429626,0.08522322095960176,0.2468758999744504,5.065,8.098863209906387,15.22
LYFT,4225752465.0,-0.9230313096092652,-2.56678582924922,False,0.780293296071386,0.06914861784729857,0.18131130127273307,9.7,14.66797997119638,23.22
CCJ,1121276355.0,-0.20499618927920218,-2.56678582924922,False,0.9379234587897413,0.039885020937031876,0.14569683068527048,35.17,58.23940718341735,88.83
BBAI,16813632291.0,-1.7214985685001893,-2.56678582924922,False,0.4200711898759661,0.18603445667459517,0.5156771624889778,1.36,4.253617933977986,10.3
KVUE,4353974155.0,-0.47525601235366816,-2.56678582924922,False,0.8967553434807976,0.03679495546544765,0.09578288508517913,16.14,21.99559198415801,25.14
CVX,1913378629.0,-2.203400162972015,-2.56678582924922,False,0.20501370921246853,0.026740764321591462,0.07783305351169571,132.15,151.40762443733155,168.9
B,4850597464.0,1.834242159583819,-2.56678582924922,False,0.998414566832674,0.04108688570284493,0.11337586488446579,15.1148,20.20474165208312,36.08
WFC,3857827341.0,-2.5956185276751373,-2.56678582924922,True,0.09390621425502316,0.0306623379450772,0.09445718484739084,54.45,74.10489321834173,86.63
AVGO,6052788662.0,-0.6282628099070561,-2.56678582924922,False,0.8644670622854225,0.05788200478158347,0.15963301479422626,138.59,230.41255935783357,372.595
QUBT,6393960059.0,-1.929749992689378,-2.56678582924922,False,0.31819776582539094,0.0820357985499004,0.5575173659547592,0.6396,10.56375195644481,26.4001
DLTR,1000635654.0,-1.0942513744129383,-2.56678582924922,False,0.7173589374400007,0.03714488436214811,0.132085010253463,60.52,83.49873318799506,117.98
EOSE,2518484320.0,0.4354616258549397,-2.56678582924922,False,0.9827737244954092,0.11963688567800039,0.3572343178427124,2.06,4.95492944163152,11.5688
KOS,2415692219.0,-1.4224598952732086,-2.56678582924922,False,0.571462464614241,0.098960456872803,0.3402601297166888,1.385,2.61506145098241,4.67
GOOG,5207349766.0,-0.08759391962849217,-2.56678582924922,False,0.9506602927933431,0.030020534652586136,0.0982989188506059,142.852,183.93575465238146,256.49
CSX,3630800394.0,-1.63354787304887,-2.56678582924922,False,0.4656341661665131,0.03218224804901723,0.07933919897532381,26.24,32.607273358203884,37.18
ACI,1349561172.0,-1.6640108481681506,-2.56678582924922,False,0.4497439939783694,0.02232686764297937,0.07462184477583697,17.315,20.21346592840243,23.14
STNE,1359078477.0,0.29318277787733155,-2.56678582924922,False,0.9770295454285709,0.041606193175140326,0.13974503872308452,7.735,12.235266354562288,19.935
SNAP,10223996767.0,-1.7660319963284627,-2.56678582924922,False,0.3974514353324905,0.0797177881259776,0.20698720853291294,6.9163,9.569767737485854,13.245
EXC,1595417934.0,-1.4012764912983582,-2.56678582924922,False,0.5816639997779238,0.024000210899962703,0.064258611380026,35.96,42.2594985718856,47.905
LI,1342643392.0,-3.0425741352557663,-2.56678582924922,True,0.031105292256705254,0.027598578610518995,0.11069661780986526,19.115,25.706697134482052,33.005
GERN,2672689587.0,-1.7570909740425862,-2.56678582924922,False,0.40196314158914714,0.1053535184605029,0.42383021808416366,1.09,2.2973297253883342,4.545
CHWY,1510688879.0,-2.1564785663438175,-2.56678582924922,False,0.22241849711963452,0.046020207408245334,0.1510439280269238,26.2825,36.2970646384014,48.62
TTD,2336446218.0,-0.8725254362921661,-2.56678582924922,False,0.7968855075770953,0.038034069484686836,0.1508159412897575,43.06,85.37924246157802,141.52
LUNR,2670257252.0,-1.8445124952958731,-2.56678582924922,False,0.35859695280058745,0.09570319620398345,0.35416846887057246,6.18,11.630294853759901,24.87
GGB,2815679829.0,-2.64762912700277,-2.56678582924922,True,0.08354732243273305,0.07617302857498529,0.2015299650565818,2.2785,3.001407798775846,3.62
SOFI,13993637537.0,-0.7219154934209213,-2.56678582924922,False,0.8409909761159251,0.0828815156846047,0.22564924641362577,7.625,16.109195439923877,30.2857
ABBV,1392574959.0,-0.9892850666988929,-2.56678582924922,False,0.7571522378445181,0.027527964826727556,0.09092674477146696,163.81,191.99130132135585,232.2506
CLF,5260427080.0,-1.8855966745441943,-2.56678582924922,False,0.33886692979432254,0.07714341413552907,0.21930677172648777,5.635,10.063160284085999,14.3188
CCL,5546195779.0,-1.6650674282046622,-2.56678582924922,False,0.44919465674714687,0.048172697134088796,0.14350723785961547,15.1188,24.706260959222305,32.79
SABR,1377730146.0,-1.2183936810335767,-2.56678582924922,False,0.665633590577779,0.0824335426139517,0.26757193255542283,1.695,3.025767545941776,4.625
IVZ,1175176978.0,-0.3182747990259698,-2.56678582924922,False,0.9228758986623683,0.03317248298026926,0.09627040264257328,11.705,17.536374977533175,23.195
JBLU,5289252441.0,-1.8735098019138958,-2.56678582924922,False,0.3446236875197842,0.10652244892820514,0.26421788688572356,3.34,5.649318077574323,8.3
TLRY,982789769.0,-1.1962496645695073,-2.56678582924922,False,0.6752069272054123,0.05311087864921773,0.5368905161155838,3.513,9.520440561670608,18.59
RKT,2784060620.0,-1.7450075801393738,-2.56678582924922,False,0.40808499764305195,0.05170050592238577,0.18512235446684544,10.07,14.595861337280114,22.535
OPEN,28704200772.0,0.16220808614836443,-2.56678582924922,False,0.9700605016735039,0.05582739393319981,0.6293063628610999,0.5113,2.0707973584096284,10.85
XYZ,2007763862.0,-1.5419475223634507,-2.56678582924922,False,0.512667954471185,0.049740404596194984,0.15006956265192034,44.285,72.46475762756917,99.12
RTX,1153601699.0,-0.10155745237321055,-2.56678582924922,False,0.9492831840845172,0.020668925370921108,0.0739656831964699,112.6499,134.0830200966773,167.8
AG,4436799485.0,0.6720961926584486,-2.56678582924922,False,0.9892642296900868,0.09176915316678559,0.2250751562302127,5.095,7.11744898239893,12.685
HBI,1639047072.0,-1.5098740479394948,-2.56678582924922,False,0.5286212565168042,0.06172229014057559,0.17286446206587164,3.97,6.311649828206974,9.025
UAA,3056942365.0,-1.4099459405323314,-2.56678582924922,False,0.5774987306205033,0.07003536331075107,0.19061474282935162,4.725,7.165786673202345,11.89
CLVT,1320486991.0,-2.4043744076603186,-2.56678582924922,False,0.14050556906387296,0.057162507493323494,0.17584994938325574,3.05,4.695673426602201,7.08
SG,1073288022.0,-0.6735078061340312,-2.56678582924922,False,0.8534928061592972,0.07515531189267935,0.2350898092529701,7.845,22.98266588502212,45.08
VOD,2325156811.0,-0.554820018163659,-2.56678582924922,False,0.8808676054765909,0.02656253379092288,0.08224445967038108,8.005,9.762560384065425,12.06
SO,1148698575.0,-1.9048218239079504,-2.56678582924922,False,0.3297961837020602,0.022593598406429195,0.0627419657817257,80.46,89.3941521197202,96.4
PPL,1223769530.0,-1.935189898807856,-2.56678582924922,False,0.31569198534319254,0.02508311500842979,0.06287330285500738,31.23,34.391389783119024,37.365
COIN,2699709502.0,-1.7007521694101653,-2.56678582924922,False,0.43072497828679673,0.08335792913495375,0.2636035757701147,143.0,267.80306945819353,444.16
MDT,1628679834.0,-2.1108230530756966,-2.56678582924922,False,0.24018492713856937,0.018864078025807824,0.06989395168912427,79.29,88.19730029819979,96.15
MRVL,4210685323.0,-1.5286332716649105,-2.56678582924922,False,0.5193023306443696,0.05361518819147254,0.17994891080873335,47.305,81.33012464604464,127.4
HPE,3962618580.0,-1.0312853280946834,-2.56678582924922,False,0.7416833976640247,0.04407977943506604,0.12172207485025573,11.985,20.00240324167267,25.35
CNH,3740101494.0,-2.515918604158159,-2.56678582924922,False,0.11164904199263459,0.04608931607599139,0.11720477705000892,10.01,12.112891955117787,14.2691
ALAB,1222785468.0,-0.6718451338039345,-2.56678582924922,False,0.8539081337552417,0.07137611100914304,0.26719471174611603,47.16,107.72484977245139,262.35
AQN,2094873372.0,-1.6286481084024518,-2.56678582924922,False,0.4681984263585424,0.03743652163446251,0.1373232596955406,4.19,5.200909710225286,6.24
CARR,1223215842.0,-1.8373496654055232,-2.56678582924922,False,0.36208253423491,0.0256848127694639,0.08542491269258815,54.325,69.50132677747145,83.25
SCHW,2181053546.0,-1.8283478004768832,-2.56678582924922,False,0.3664813647206958,0.025481767792718157,0.08446218614659884,62.49,83.02429327688509,99.55
HBAN,5587263986.0,-2.2195511578891547,-2.56678582924922,False,0.19922618827022304,0.04646726964004952,0.11020350466981398,11.945,16.188038632908135,18.44
HIVE,3593734905.0,-0.9975392805947638,-2.56678582924922,False,0.7541607336287922,0.15406232619133584,0.42015200728296337,1.265,2.6780514212220963,5.5351
NFE,2341564376.0,-0.6936852626378064,-2.56678582924922,False,0.8483784237775551,0.07347167568010067,0.3627380574260357,1.275,7.407731668552618,16.65
SEDG,1168821260.0,-0.6383311476216866,-2.56678582924922,False,0.8620834407326698,0.09921929240891718,0.33356558800091746,10.26,19.377941766783252,40.28
RGTI,16081494518.0,-0.2904220962406967,-2.56678582924922,False,0.9268499384670205,0.0843372817373572,0.5453981406145884,0.7268,10.686451505153792,34.35
ABNB,1174290689.0,-3.013845003813813,-2.56678582924922,True,0.033621524542543704,0.03560576059784431,0.10722349635871874,100.082,131.1126091659706,163.8339
RBLX,2019591988.0,0.030187196722873105,-2.56678582924922,False,0.9609584780277195,0.04094200087508884,0.15289542741701803,37.53,79.1956139713301,150.25
UAL,1749970097.0,-2.2520663871618893,-2.56678582924922,False,0.18789357999691536,0.04995065083072599,0.1639615649150807,52.02,87.15343743583993,114.95
U,2829651781.0,-0.6409481747954973,-2.56678582924922,False,0.8614584300737038,0.07145835055213721,0.22453905368089896,15.4,26.063113290186198,46.9186
CTRA,1633911974.0,-2.388348462899711,-2.56678582924922,False,0.14505200988426253,0.03502287149007971,0.09757422181480328,22.485,25.522022520306557,29.935
CNQ,1324394184.0,-2.332355255482042,-2.56678582924922,False,0.1617449560895523,0.03185336497355956,0.08871032694475309,24.67,31.42858299953708,37.9
EBAY,1271091732.0,-0.6707813585033955,-2.56678582924922,False,0.8541733737384998,0.02749034510885323,0.08920866369359758,56.6,72.50169196368685,101.145
CAG,1795550713.0,-1.6594447894906224,-2.56678582924922,False,0.4521194632761391,0.029736879688435074,0.08821736248750751,17.905,24.188492975928405,32.875
DELL,1684676427.0,-1.4539018902932959,-2.56678582924922,False,0.5561798268227541,0.03826498797547346,0.1444882909076446,66.5,116.06416110671744,147.5
ITUB,6694715945.0,-0.9065565074637649,-2.56678582924922,False,0.7858055979896938,0.05655208660896316,0.137366160651834,4.86,6.140556860693343,7.44
CVS,2449153143.0,-1.1882606420000625,-2.56678582924922,False,0.6786251909330708,0.029895902670855182,0.10782251376980721,43.585,62.60720906351199,77.3
PACB,2250920687.0,-2.180515385358463,-2.56678582924922,False,0.21339309277799956,0.047625619182392734,0.5438534487081855,0.8524,1.4973899774817407,2.67
TEM,2223225957.0,-1.8688103176647337,-2.56678582924922,False,0.3468729230338796,0.09042539716850238,0.35103793975056186,31.4301,57.8194569654048,97.52
RPRX,924976854.0,-1.0518498282660733,-2.56678582924922,False,0.7338869869586493,0.019900964279968562,0.07244197719407099,24.08,31.870807575712373,37.945
ROIV,1415444174.0,-0.3483609396971471,-2.56678582924922,False,0.9183702151974369,0.044156027019359334,0.10809363035255314,6.74,11.485156628608168,16.005
LRCX,2765195808.0,0.9108504842739883,-2.56678582924922,False,0.9932303068128436,0.034708368781808274,0.13138600206433237,56.685,85.07982595976752,134.17
LUV,2414096129.0,-2.735814463527838,-2.56678582924922,True,0.068043182344807,0.036533281218059016,0.12114964250499975,23.8229,31.595856898343794,37.88
DIS,2086241594.0,-1.6933320594689603,-2.56678582924922,False,0.4345512337118468,0.024048041536227888,0.08097573893116887,80.25,108.5222759145767,124.54
QS,5374683698.0,-0.4462474674800933,-2.56678582924922,False,0.9020860569975564,0.10877572519871838,0.2989399464738097,3.4001,6.0653391723690975,14.9776
CFLT,1442035441.0,-1.9196344465110995,-2.56678582924922,False,0.322881565079812,0.04800235905567705,0.16686104794955572,15.64,24.730956571504993,37.735
AES,3430914486.0,-3.545784365309234,-2.56678582924922,True,0.006886227482166947,0.05145504068794273,0.14649614074336625,9.485,12.582802990741692,20.285
PLD,988339026.0,-2.8416304260491243,-2.56678582924922,True,0.052568808657395785,0.031235410387709286,0.09075834364611979,85.43,111.37151944362721,127.5399
OGN,981953292.0,-1.800527655648132,-2.56678582924922,False,0.3801997587083678,0.041181872311344535,0.13639632356440337,8.015,12.933677946641291,19.13
FHN,1735077818.0,-2.5487483858809776,-2.56678582924922,False,0.10405919877638231,0.034889180555435516,0.09886226659190206,14.825,20.16200217424133,23.2551
MDLZ,1994742305.0,-2.4336551776944617,-2.56678582924922,False,0.13246187563200196,0.023827615383632747,0.07205451455312277,54.6,64.79387029069026,73.86
WEN,1343916431.0,-0.34312322908253284,-2.56678582924922,False,0.9191708457714054,0.037241256852851776,0.10353141821002557,9.01,13.934742538648287,20.595
CGC,2552364186.0,-2.011207984353074,-2.56678582924922,False,0.28168051437776576,0.09711589925405073,0.5010035619672112,0.77,2.0992794881493673,5.735
CELH,1928890424.0,-0.33364094432131075,-2.56678582924922,False,0.9206027829957935,0.04861157355942908,0.19700133922733964,21.13,37.08833844011933,63.43
CAN,6074926766.0,-1.3745655236696077,-2.56678582924922,False,0.5944071760099223,0.0391484372538607,0.4264810273357272,0.5681,1.1844148734698077,3.2598
SONY,1040802280.0,-1.078154201680591,-2.56678582924922,False,0.7237046757166898,0.01488701905122058,0.05940084418502417,17.425,23.62801421388746,30.24
MSFT,4919083396.0,-0.7081244030381687,-2.56678582924922,False,0.844633895935218,0.022950147991144542,0.07753066638207974,345.1145,445.07860777995063,546.68
QBTS,13493614247.0,-0.3332274726194786,-2.56678582924922,False,0.9206647117055526,0.05010770052161359,0.5752943043921673,0.8724,9.9311940185269,28.735
BTU,1023083295.0,-0.9415188641881298,-2.56678582924922,False,0.7739924666168305,0.038838599858416506,0.17119925640606595,9.665,18.001127171011213,29.93
UPST,1586537772.0,-2.4776435650975333,-2.56678582924922,False,0.12100907226461133,0.09276521004410197,0.29124743657377816,31.43,61.08728168844769,96.37
HOOD,8633285892.0,1.01254808425129,-2.56678582924922,False,0.9943965967575009,0.0720057689263387,0.24301992018162816,22.08,62.204247188776876,143.5972
NEOG,1113896255.0,-1.7390260520672534,-2.56678582924922,False,0.4111254741194287,0.04753235404081898,0.1852832075979757,3.9,8.876826368686348,16.76
SIRI,1156745052.0,-2.606398723165002,-2.56678582924922,True,0.09168198000634192,0.038892342784025674,0.12391581023476851,18.86,23.432228281370225,29.165
PL,1639320685.0,1.5057275819917026,-2.56678582924922,False,0.9975452856588406,0.10393320228776595,0.2827599291219945,2.065,4.895803386832631,13.0401
RIG,7853011672.0,-1.8072767922642343,-2.56678582924922,False,0.3768549998665999,0.15010342658269685,0.3354370066400583,1.9806,3.3155018691904123,4.7388
DJT,3545511709.0,-1.8345942537203728,-2.56678582924922,False,0.3634268379088231,0.05998459034156524,0.27175494799313266,15.22,24.827655774159037,54.4648
MO,1995408080.0,-0.9482691468936991,-2.56678582924922,False,0.7716615969531773,0.02052961510086045,0.06450876793989077,48.9099,57.50005631723074,68.5425
MCHP,2214239154.0,-1.9071912738217378,-2.56678582924922,False,0.3286857079188248,0.04312419419496241,0.14338205904293908,34.17,61.9526679628742,80.26
FAST,1494536948.0,-0.8369442431037717,-2.56678582924922,False,0.8080284317085951,0.01949106493293865,0.07064426421039244,34.72,41.121948235613615,50.63
GRAB,8897057873.0,-2.129051494673601,-2.56678582924922,False,0.232994413151067,0.1255374849582511,0.238481908459735,3.365,4.794775506264788,6.6
CX,2966950960.0,-0.06344698242272682,-2.56678582924922,False,0.9529598254132817,0.035076398305505255,0.1379404772621728,4.895,6.667425846260673,9.61
BILI,1244375298.0,-2.1122363428563444,-2.56678582924922,False,0.23962285820293444,0.028768102355227764,0.13600063310500213,14.475,20.663312878304705,31.654
WBD,11015458101.0,0.8625923968031319,-2.56678582924922,False,0.9925822034524031,0.08559688042025655,0.19335426052101667,7.25,10.676259540335357,20.23
HMY,1313113168.0,-0.7893122359580411,-2.56678582924922,False,0.8222413756394549,0.04355277432218872,0.1381598816162676,7.975,12.783974436282277,18.756
BITF,8417012093.0,-0.5503551406303182,-2.56678582924922,False,0.8818098740907259,0.048735839225405725,0.5992651846593162,0.6773,1.457226301748791,3.5801
MNST,1392112748.0,-0.7879252067639881,-2.56678582924922,False,0.8226432409425819,0.027436504964988728,0.07306291452510134,45.7,57.220820045849194,67.4
PM,1340398051.0,-1.4029646281388153,-2.56678582924922,False,0.5808540161434155,0.021287696219559955,0.07193049978155788,116.17,151.87969423796935,186.63
MRK,3016951925.0,-2.2981849535905963,-2.56678582924922,False,0.17255402836302125,0.02537976970969523,0.08900467784410082,73.38,89.59223370721121,114.75
NEE,2627196909.0,-3.0465929059123202,-2.56678582924922,True,0.03076641069528441,0.03283603011622034,0.09017933929906848,61.805,72.70189421119225,86.07
W,1164670625.0,0.4227946377304711,-2.56678582924922,False,0.9823276537456638,0.05511216501922803,0.21329452570368718,20.41,50.044974714535535,91.71
TAL,1556243165.0,-2.4391200272892517,-2.56678582924922,False,0.1309980339547271,0.02875421975158931,0.14270914551471578,8.535,11.012150405863594,15.29
CCC,1513902189.0,-1.1825153654315665,-2.56678582924922,False,0.6810715767182705,0.034902170109092,0.10058117114027906,8.17,10.154474691760106,12.81
ENVX,1574568981.0,-2.3065972296387804,-2.56678582924922,False,0.16984906125120913,0.08857695855384978,0.2832106151666491,5.275,9.76849436407777,16.4502
APPS,1199310575.0,-1.2629880843469146,-2.56678582924922,False,0.6459307075505747,0.1071066297367924,0.3686997811505167,1.18,3.6325711949902266,7.715
USB,2301223404.0,-1.767996861192927,-2.56678582924922,False,0.39646207923211774,0.028042701301307864,0.0836093363534009,35.25,46.186538660518465,53.95
SOUN,11565700770.0,-2.13630492329268,-2.56678582924922,False,0.23016892593567678,0.1221909250006297,0.38827716892949754,4.455,11.151387183252751,24.947
PR,2489562933.0,-2.5079313971989974,-2.56678582924922,False,0.11355643762401785,0.048749535628299964,0.127976425973471,10.01,13.845528377039399,16.3075
AMCR,5722052682.0,-1.926373454687835,-2.56678582924922,False,0.31975771063994596,0.03897884706262908,0.11110514860628191,7.925,9.621220566536364,11.46
T,7706573767.0,-1.488458673030997,-2.56678582924922,False,0.5392127467616833,0.04059771319628225,0.08333265883836694,21.09,25.9082575073655,29.79
GLW,1325706802.0,1.845161724425534,-2.56678582924922,False,0.9984345048750921,0.026114265784592108,0.08953470287262776,37.62,52.31809593861743,82.1788
PTEN,2549068964.0,-1.2725543355033109,-2.56678582924922,False,0.6416333548812287,0.07713017729617135,0.19586946227745983,5.1048,7.035104932074889,9.565
GTM,1516839158.0,-2.9698334488749683,-2.56678582924922,True,0.03780923388594739,0.04646012709176208,0.1418877242701048,7.04,10.291267911737478,13.385
WMT,4156689783.0,-1.9163531994903114,-2.56678582924922,False,0.32440758682072257,0.02488598567227562,0.07277309892446819,79.01,93.83302299625552,106.09
AIG,1045834581.0,-2.536358562568959,-2.56678582924922,False,0.10687660924213443,0.020041136987500114,0.07297220344560297,69.54,79.02700916895381,88.04
BZ,960073523.0,-0.6771494805892894,-2.56678582924922,False,0.8525798926580588,0.02821547186249657,0.12122412387343331,12.17,17.325130693344306,25.215
WDC,1646497208.0,1.8392774343112261,-2.56678582924922,False,0.9984238172594504,0.035987620645835924,0.13050460596103447,28.915,63.33827984668243,122.52
UWMC,1339551425.0,-2.752563018099463,-2.56678582924922,True,0.06537578196036065,0.06770238501666108,0.17298457690473595,3.8,5.557895970486576,8.55
ANET,2256556244.0,-0.6370112520576051,-2.56678582924922,False,0.8623978105993579,0.03995143611292363,0.1465765542231332,59.43,105.00300841283818,156.24
CNP,1262040903.0,-1.401870182862045,-2.56678582924922,False,0.5813792016574233,0.021341501733607927,0.06654677527505445,28.565,34.77869344605494,39.375
MARA,11680341544.0,-2.419998966486245,-2.56678582924922,False,0.13617122090794959,0.12993978106864026,0.32086303573778024,9.825,16.871960814031482,30.2699
CL,1190475644.0,-2.2931107886704045,-2.56678582924922,False,0.17419950723444633,0.022421567430337627,0.06622141300184194,78.77,90.41313020513321,103.7
HBM,1504585541.0,0.5982552497038806,-2.56678582924922,False,0.9875725450290326,0.03594775558581728,0.14276909653144174,5.97,9.238171468573192,15.475
CPNG,2308605174.0,-0.8562970972926132,-2.56678582924922,False,0.8020236704271899,0.02712186745256332,0.09869575122272979,19.03,25.932734068511472,34.075
FTNT,1274932475.0,-2.341893576497802,-2.56678582924922,False,0.15881209902123317,0.031744746753156,0.10536362344643291,70.235,94.87561678736755,114.78
BB,3714149864.0,-1.4751910420901,-2.56678582924922,False,0.5457463417978391,0.08947822422554097,0.26944384834040186,2.24,3.721470412807323,6.235
RDDT,1708443993.0,-1.3425915343179056,-2.5667858294120958,False,0.6094685215091789,0.07199794997697116,0.2713244857310882,64.5518,151.48843463634026,282.88
ASX,2318716258.0,-2.3932011966208617,-2.56678582924922,False,0.14366452282533304,0.029727950572544595,0.11204259136591545,6.995,9.98617802647876,11.8399
AMAT,1676688851.0,-2.016350827527126,-2.56678582924922,False,0.27945016744739004,0.031019703807393353,0.11958325370702985,124.14,172.516978699177,215.4758
NOK,4929939501.0,-2.0719207434168587,-2.56678582924922,False,0.2559542446243813,0.054613080139101274,0.16810961901385216,3.9601,4.75345715462401,5.48
RF,2547693664.0,-1.4436969923146041,-2.56678582924922,False,0.561157365640644,0.03607250852417556,0.09455840819029454,17.805,23.812728638236806,27.955
CNC,2015341879.0,-1.3172396801868287,-2.5667858294120958,False,0.6212486980991924,0.030822686131248063,0.12027751210317698,25.085,52.77606147270315,75.11
CPB,980824766.0,-1.6237746724226985,-2.56678582924922,False,0.4707509425269723,0.022990677655930953,0.08252797874791645,29.405,37.991079226417035,49.11
FFAI,2745957025.0,-3.0646996661576313,-2.56678582924922,True,0.029278281116161715,0.1738959671902412,0.6204390619703638,0.8322,1.6574273545417133,4.3998
AA,1321509882.0,-1.5927366037115944,-2.56678582924922,False,0.487241130451671,0.047167201657773626,0.1474525401689175,21.56,33.67309077396359,47.72
IONQ,5493744647.0,-1.5909939376554876,-2.56678582924922,False,0.48811597638716386,0.09886791897610715,0.40369242165126856,8.025,34.398745394712485,75.8872
AGNC,5617203193.0,-2.23225154423505,-2.56678582924922,False,0.19474888227122572,0.06272384578006436,0.11921860618144607,7.865,9.595834260590475,10.625
OWL,1830735662.0,-1.5701871488954504,-2.56678582924922,False,0.4985499154479371,0.03276213847029905,0.12211109776524587,14.55,20.705943308836538,26.7
SBUX,2254100664.0,-1.5452562956454141,-2.56678582924922,False,0.5110168599666564,0.029056592347733598,0.09314970651314383,75.77,93.9217736992079,117.405
BTE,7840365744.0,-1.7957775168286285,-2.56678582924922,False,0.3825600452947385,0.08077815190307568,0.35650189513095787,1.38,2.2805706778212116,3.445
ACHR,7657998056.0,-2.430514100777032,-2.56678582924922,False,0.13330856532632746,0.13071340552364324,0.35310546710192653,2.85,8.393742764808147,13.9118
CRM,1664785424.0,-1.03906315404113,-2.56678582924922,False,0.7387517227204276,0.03279977343273184,0.10494790694814757,226.58,287.10018284657957,368.655
FLG,1484625432.0,-2.6923974144696596,-2.56678582924922,True,0.0753631132633313,0.04428207689407538,0.15262469522659586,8.5647,11.374707579158525,13.345
ERIC,4610479925.0,-3.170302856926093,-2.56678582924922,True,0.02176931373881587,0.033931513858117095,0.10852510015358631,6.6409,8.058435015471659,8.99
MS,1464726759.0,-1.4450206599724993,-2.5667858295749744,False,0.5605126443372463,0.026612033724034728,0.09112908553107375,94.595,130.64779637107029,163.86
BAX,1244777022.0,-1.2565490191306974,-2.56678582924922,False,0.648809505739372,0.030212258030326965,0.0992624262235253,21.41,30.501704570435145,38.28
RIVN,8736452242.0,-2.7433526149283547,-2.56678582924922,True,0.06683208215212702,0.08832827449569099,0.23243176351195344,9.505,12.768785270918631,17.135
BABA,4564018276.0,0.24042185066195548,-2.56678582924922,False,0.9744397549104313,0.025556720499502885,0.11069988087812688,80.085,114.8589205342866,182.0845
TSLA,23245714117.0,-1.2622799772379445,-2.56678582924922,False,0.6462478356153677,0.06224153656793463,0.2179711473767192,212.1399,325.6046840339985,487.91
RUN,3493733907.0,-1.8622053399657201,-2.56678582924922,False,0.35004433877160046,0.0932440293025677,0.30536615294647385,5.42,10.525271691657236,18.31
ABEV,7934614858.0,-1.82191382318065,-2.56678582924922,False,0.36963763461803584,0.1468709445974762,0.3283279414429256,1.765,2.2357597664952165,2.63
FITB,1121200758.0,-1.6156793370097728,-2.56678582924922,False,0.47499517022168924,0.025900466289890223,0.0804982626162031,32.29,42.11373157166959,49.07
IBM,1078500018.0,-1.54373089934888,-2.56678582924922,False,0.5117781517312016,0.02537365232246814,0.08374445478840811,203.78,246.42602073392655,295.975
LUMN,3197010020.0,-1.7340913380982816,-2.56678582924922,False,0.4136386804430487,0.12307122221661229,0.273677705535111,3.015,5.15080157376813,10.3
CFG,1087155832.0,-1.1746308246964245,-2.56678582924922,False,0.6844125958630264,0.029133518685196192,0.09480961424003205,32.6,44.51131263837054,54.2
JOBY,5305534824.0,-0.6729445987325996,-2.56678582924922,False,0.853633596477962,0.10946828616480858,0.2930791280708329,4.78,9.175111478160684,20.92
SMR,2809870843.0,-1.6993808023335277,-2.56678582924922,False,0.4314315343431319,0.10819006562859089,0.40072479572288466,11.0801,26.518156920368277,53.44
RKLB,4772839410.0,-1.0298788629407578,-2.56678582924922,False,0.7422113091212763,0.10906685186725655,0.31742036573938665,8.86,27.886472110400163,55.03
LYG,4432340544.0,-0.44878760286425134,-2.56678582924922,False,0.9016288112148787,0.06775750375914558,0.19313106431759516,2.565,3.630774379847752,4.63
MPW,2606398064.0,-2.369875127066601,-2.56678582924922,False,0.15042004265559722,0.09606377822014626,0.21057003557173923,3.5296,4.715238569015534,6.34
ARDX,1100598613.0,-2.678068629722097,-2.56678582924922,True,0.07791084709390307,0.059227172588673806,0.22481375200471035,3.2148,5.115577523197202,7.035
HUMA,971303383.0,-1.6662652792336243,-2.56678582924922,False,0.44857202858925005,0.12351551415857846,0.38553439826993474,1.15,3.1513214813290817,6.746
VTRS,2645178800.0,-1.3251320957530641,-2.56678582924922,False,0.6175973675371746,0.04804578420853587,0.12366490753942132,6.864,10.25296870230429,13.545
NWL,1976856391.0,-1.091874906758527,-2.56678582924922,False,0.7183011978047185,0.05983702226359384,0.17934918537288594,4.23,7.005506376843948,11.75
HDB,1134042305.0,-1.3512319021880517,-2.56678582924922,False,0.6054202366277823,0.010909344753066843,0.045856226720872154,28.91,33.93202674621952,39.8
BBD,9726560854.0,-0.19244258161460287,-2.56678582924922,False,0.9394164666107355,0.10991820590671345,0.30213753007899824,1.845,2.5226776655385246,3.41
CORZ,3537509396.0,-1.44426985783628,-2.56678582924922,False,0.5608783727585465,0.08217752085171076,0.28018992215560334,6.225,12.712275288529984,18.6288
LLY,917303156.0,-2.9123291186504066,-2.56678582924922,True,0.043932958915465614,0.02900467034284619,0.11337927123402425,624.9999,794.9818389026952,935.25
EQT,1919222104.0,-2.3319083048134597,-2.56678582924922,False,0.1618832873254314,0.042637046980348176,0.12665538592012313,35.455,49.71469439779859,60.97
STM,1623548318.0,-2.205709240741491,-2.56678582924922,False,0.20417986132787813,0.031428629009974306,0.09902174524544849,17.26,25.979694789527827,33.46
EW,1095057752.0,-2.784522308468527,-2.56678582924922,True,0.060518884500419486,0.024345024322944102,0.08939709495914006,64.03,73.57228404936735,82.665
IREN,4844783966.0,2.938687849139932,-2.56678582924922,False,1.0,0.14048766350172553,0.3560214552935913,5.13,13.271771816325481,49.205
SAN,1143673273.0,0.4872889888456175,-2.56678582924922,False,0.9844815917282809,0.03380386852719512,0.10421942245038832,4.435,6.86376699889929,10.495
NI,976376711.0,-1.6604015538757428,-2.5667858294120958,False,0.4516215141648269,0.021803348683018704,0.06355297032733258,33.65,38.75211900668662,43.5001
TJX,1211412296.0,-0.9411459497536826,-2.5667858294120958,False,0.7741207622292477,0.022414584160763494,0.06593005145128052,111.31,125.14157956636733,145.485
GT,1549946195.0,-2.093513338679504,-2.56678582924922,False,0.24713090783742464,0.0575877780928117,0.1520012819094183,7.4199,9.559244261732333,12.0
TXN,1560416311.0,-2.1879296743679704,-2.56678582924922,False,0.21065541922832037,0.027787195429387138,0.10039483972398758,140.33,190.116084693118,221.66
AEO,2001715851.0,-1.9073984186747228,-2.56678582924922,False,0.32858870566182813,0.04084372715001045,0.16119804949753436,9.285,14.433917039296368,22.38
BEKE,2070479351.0,-3.151128695576442,-2.56678582924922,True,0.022993623104657513,0.02672657223789864,0.13066294110179277,16.085,19.621767327486886,26.0
TFC,1965296717.0,-1.9563008288558474,-2.56678582924922,False,0.3060560198146068,0.029638785008086352,0.08694070161411065,33.65,43.35127826305935,49.0
PINS,2637589935.0,-2.4281410337877563,-2.56678582924922,False,0.13395080714826052,0.04131600610273,0.13119996234860298,23.72,33.002162147927166,40.66
QCOM,1893722430.0,-2.7148869040586137,-2.56678582924922,True,0.07149742146552256,0.030472906247432666,0.10930671673775588,121.1,158.11117163186915,188.7341
VICI,1521999831.0,-2.498397708224202,-2.56678582924922,False,0.11586466656162342,0.025053422790343054,0.0671639978068783,28.0,31.831406858965124,34.005
JD,3120853552.0,-2.4809630531707345,-2.56678582924922,False,0.12017519231931556,0.026334922521583842,0.11160965807174396,29.975,36.35473841065735,47.64
TSM,3310686726.0,-0.43581034250217177,-2.56678582924922,False,0.9039458583956821,0.03456485211601595,0.1142319665815365,135.14,204.59843657675134,285.915
AZN,1189268768.0,-1.9913115118022096,-2.56678582924922,False,0.29039564458086975,0.01722556688507785,0.05816709514315921,61.26,72.07163867351096,82.39
TME,1757034204.0,-0.24110448842895346,-2.56678582924922,False,0.9334414072804368,0.032918647140189,0.12775709675757282,10.135,15.869946665980867,26.685
IQ,6119615746.0,-2.596265388069899,-2.56678582924922,True,0.09377159504138316,0.1567911671550878,0.40758846078495076,1.52,2.1494902915132186,3.3301
APO,901077219.0,-2.0884133150941033,-2.56678582924922,False,0.24919911717436932,0.035017368686304964,0.1206774404512636,102.62,146.4985746761959,186.1
ALIT,1777846343.0,-0.4088683116682297,-2.56678582924922,False,0.9086075237384655,0.04226195990306181,0.15295907551686624,3.06,5.914490586359428,8.9
AR,1140342401.0,-2.201407686300697,-2.56678582924922,False,0.20573494470212728,0.04655797561409554,0.13170055543123835,25.375,34.874691378921916,43.985
NXE,2062980188.0,-0.7012605474390317,-2.56678582924922,False,0.8464227574449037,0.06826707952682547,0.18596911418864912,3.955,6.623908579467133,9.37
MP,1843675176.0,-0.19203327585669389,-2.56678582924922,False,0.9394645912714736,0.05328220789659626,0.2326866177430365,15.57,32.780189210132704,82.14
PEP,1803843397.0,-1.9058081893929062,-2.56678582924922,False,0.32933370785127236,0.02274367234767257,0.06827405158006176,127.68,147.6328454699105,177.47
BA,2267510713.0,-1.2467082381074868,-2.56678582924922,False,0.6531874275061174,0.029552424255432697,0.12460857659665747,129.0,186.29660075525152,240.77
PYPL,2516530521.0,-1.4440759498913271,-2.56678582924922,False,0.5609728142077363,0.03337326063267444,0.10234770703225918,56.04,75.20903119226416,93.61
PLUG,18549867907.0,-1.7247530941414415,-2.56678582924922,False,0.4184061719277515,0.03137135949049623,0.6245940588737886,0.6911,1.6934421185577617,3.32
KO,3849190716.0,-1.8982958000867778,-2.56678582924922,False,0.33286324439618764,0.025033631489882146,0.060256969325091385,60.615,68.02654006577514,74.35
RIOT,8078081606.0,-0.9838283539296071,-2.56678582924922,False,0.759116747334275,0.1303053005854181,0.32723198115546853,6.1987,10.926506686277133,20.105
IBRX,1847257793.0,-2.1900858430141517,-2.56678582924922,False,0.20986338128015836,0.11277864057741427,0.36577650680574864,1.8351,3.1228130038987754,7.47
RR,3491024718.0,-1.360266336378116,-2.56678582924922,False,0.6011698506800685,0.06860565665460464,0.5904535587282684,0.5206,2.019673075300895,5.6293
HPQ,1947988726.0,-1.3468839603077691,-2.56678582924922,False,0.6074594514841439,0.02797337519645456,0.0947378959793064,21.245,29.92443388723382,39.79
BK,950303281.0,-0.4751037458100116,-2.56678582924922,False,0.8967839531890723,0.022454699073420695,0.07165952607281363,70.45,87.11633786538421,110.86
VKTX,1121998257.0,-1.803993762241439,-2.56678582924922,False,0.3784807120090294,0.08827108013729174,0.2591860122931513,19.0,36.35321980612076,81.5522
DOC,1400453066.0,-1.978564129513452,-2.56678582924922,False,0.29605034155461085,0.03177938521471011,0.08339893878062343,16.635,19.39743793376196,23.26
PBR,4779560269.0,-2.2157716736361,-2.56678582924922,False,0.20057112674723415,0.04414524007131534,0.10919567559980961,11.045,13.066558091976132,15.335
COP,1797654384.0,-2.270385296972747,-2.56678582924922,False,0.18169723047148012,0.030226451592666247,0.09551792737410668,80.09,97.66982073615883,116.02
FUBO,4840204320.0,-2.0917982633958236,-2.56678582924922,False,0.2478253247398179,0.1511302959331227,0.43483628428922316,1.2101,3.0083443005246373,6.4175
AFRM,1906400623.0,-1.8760852771594347,-2.56678582924922,False,0.343393614513965,0.07331546437769752,0.23696108160064067,30.95,60.7381557542434,99.215
TDOC,1526133895.0,-2.026614905954036,-2.56678582924922,False,0.2750266726650328,0.07430744740447104,0.2148063475522185,6.35,8.692794494712478,15.1786
O,1270634015.0,-2.565278639691046,-2.56678582924922,False,0.10038788281316918,0.025489339518550713,0.06257400664409801,50.81,57.15011124158008,64.85
BSX,1727525694.0,-2.338233342715837,-2.56678582924922,False,0.15993320523356286,0.021855009926103796,0.07799861449148227,80.71,98.30405347970375,109.33
NU,12358047745.0,-1.3032574884856925,-2.56678582924922,False,0.6276806940892367,0.06303164974596047,0.16491711039176615,9.02,12.782010156424235,16.36
EQNR,954056133.0,-3.2943339628348323,-2.56678582924922,True,0.015133654080585774,0.023787256474292005,0.06998870738777377,21.41,24.38961682206563,28.25
AMZN,9830401628.0,-2.2443216354792463,-2.56678582924922,False,0.19055411515772597,0.029828748676200757,0.10455539604101355,163.39,211.36768321931896,242.49
MOS,1201821711.0,-1.1151121374210207,-2.56678582924922,False,0.7090078881679457,0.03388872111757261,0.11123477725236879,22.37,29.799904932620105,38.2
BP,2389408253.0,-1.8648945439289455,-2.56678582924922,False,0.3487516761210808,0.0310235730457144,0.07345511152753854,25.24,31.379421021880468,35.875
GE,1285537964.0,0.3284018289445693,-2.56678582924922,False,0.9786106725956809,0.030573100051371538,0.0974748130889403,159.6,217.28974776644375,306.545
ARM,1239581176.0,-2.4386933402738338,-2.56678582924922,False,0.13111190705671572,0.05007248537511378,0.17876849404898076,80.49,137.61061208050614,182.73
WIT,1468176197.0,-1.0355165961296122,-2.56678582924922,False,0.7400910979900943,0.02734181957155801,0.1694667265329867,2.6135,3.134519838493982,3.79
NVTS,3960107608.0,-1.1883826928893988,-2.56678582924922,False,0.6785731127904957,0.15080874168033964,0.3958543735332163,1.545,4.076236744120974,9.475
AUR,3925394587.0,-4.088082558836802,-2.56678582924922,True,0.0010133994898318703,0.11971281993083235,0.28860872998234216,4.785,6.37949146558996,10.76
NKE,3479842792.0,-2.3675549025728593,-2.56678582924922,False,0.15110393026012264,0.029297103871478294,0.10216216805165221,52.355,71.73975950607964,89.591
PAGS,1289372465.0,-1.631496825155972,-2.56678582924922,False,0.46670731250195147,0.05286247700833396,0.1471576508415822,6.12,8.299859562802181,11.14
AMD,10265880474.0,-1.266775744950403,-2.56678582924922,False,0.6442321178544562,0.05621180459415553,0.1542089351600081,76.58,131.8109527300998,186.5155
AVTR,2300794963.0,-1.7052563464132164,-2.56678582924922,False,0.42840630430383864,0.037542417515533374,0.12446059193314203,10.835,16.99269712519288,25.89
M,1794757422.0,-1.191261336751828,-2.56678582924922,False,0.6773435220588907,0.04842581629919986,0.1336681353187764,9.78,14.050990976298733,18.28
SMCI,13375467183.0,-2.425262331790974,-2.56678582924922,False,0.13473286833771808,0.07938661647849744,0.3214152088468439,17.285,40.261796979497994,66.14
GAP,2030510616.0,-3.137400958711219,-2.56678582924922,True,0.02390633705535325,0.04375304637835872,0.14451327777838957,17.01,22.29868633923465,29.26
CMG,3168468369.0,-0.6378162716500486,-2.56678582924922,False,0.862206140831991,0.03159571316767972,0.09879841261965878,38.33,52.576789067904535,66.73
IP,1175575297.0,-2.013944874272258,-2.56678582924922,False,0.28049242762745,0.024827511234727543,0.0923691468879184,43.32,51.01550683964613,60.34
AGL,1587417920.0,-1.5422477866160498,-2.56678582924922,False,0.512518158251163,0.11293996941732667,0.3731140909420193,0.7132,2.6392959482975002,5.84
CRH,1126591665.0,-1.13021842457092,-2.56678582924922,False,0.7028719696890227,0.024516793881001787,0.08617683194745462,76.905,97.84184345773069,121.41
ONON,1190692425.0,-1.924701244304641,-2.56678582924922,False,0.3205315639647479,0.04368331842795983,0.14384179616580112,35.1699,50.96863317986832,63.95
KEY,4006145418.0,-1.9418988795046022,-2.56678582924922,False,0.31261437482652144,0.04423623712452437,0.11165095367255695,12.735,17.240315236138255,20.03
APP,1648886146.0,-0.092123213134922,-2.56678582924922,False,0.9502174622489616,0.05166967890669918,0.27094174051046,128.17,345.5462766811029,728.51
HTZ,2176314877.0,-1.9276772821315977,-2.56678582924922,False,0.31915493159360375,0.0964703101815327,0.2959756436803827,2.77,5.071136840469087,9.335
TOST,1776143742.0,-2.4183301543129945,-2.56678582924922,False,0.13662955071546545,0.044441622101014384,0.14906598312765829,26.945,38.77826615158934,49.53
OKLO,4326897696.0,0.13098937411721634,-2.56678582924922,False,0.9681142930465203,0.12491622322424185,0.46464347703040537,7.9099,42.58290425057093,143.555
KGC,4620110366.0,1.6616001994326675,-2.56678582924922,False,0.9980311028649985,0.05701360296706373,0.14337410359293273,9.005,13.749967049963995,25.0
NLY,1802566219.0,-2.1055464162237922,-2.56678582924922,False,0.24229021644380588,0.025958266236963786,0.07434365878133399,16.6194,19.96593809652299,22.43
CRDO,1141265993.0,-0.25801702773137675,-2.56678582924922,False,0.9312434982690874,0.07280864285412189,0.2671822526502068,29.21,73.33943080011316,176.63
BTDR,1331505485.0,-2.15252515789505,-2.56678582924922,False,0.22392477410907968,0.09662931750347951,0.3352157138105308,6.61,13.282840609258306,26.7032
EPD,1075908925.0,-2.827170791229758,-2.56678582924922,True,0.054496204542398084,0.020459188188230087,0.0657137365374976,27.83,31.66508398737784,34.625
CPRT,1298032681.0,-0.8135140832425037,-2.56678582924922,False,0.8151201412521066,0.02311826736280512,0.07352179924059804,44.255,54.022713505020064,64.19
KMI,3332998930.0,-3.8625333791138017,-2.56678582924922,True,0.0023285526281261104,0.035384382536376206,0.09041117272158034,22.04,27.11443649992799,31.47
INFY,2961858262.0,-0.9844701764001053,-2.5667858294120958,False,0.7588862230600114,0.022787724972337855,0.06506055409596688,15.86,19.539208281126236,23.625
META,3207975690.0,-1.4902880649859973,-2.56678582924922,False,0.5383101068348511,0.03379149454940662,0.1167119188265583,480.11,649.0710098617323,795.9177
RXRX,4897556334.0,-2.444306736655953,-2.56678582924922,False,0.12961951676565076,0.09999689935111761,0.34467745994588056,3.795,6.047165326735932,12.3149
